[
   {
      "top_left":{
         "x":848,
         "y":662
      },
      "top_right":{
         "x":1578,
         "y":724
      },
      "bottom_right":{
         "x":1419,
         "y":1764
      },
      "bottom_left":{
         "x":638,
         "y":1694
      }
   },
   {
      "top_left":{
         "x":2510,
         "y":2033
      },
      "top_right":{
         "x":1677,
         "y":2045
      },
      "bottom_right":{
         "x":1696,
         "y":943
      },
      "bottom_left":{
         "x":2450,
         "y":930
      }
   },
   {
      "top_left":{
         "x":2525,
         "y":1170
      },
      "top_right":{
         "x":3221,
         "y":848
      },
      "bottom_right":{
         "x":3829,
         "y":1843
      },
      "bottom_left":{
         "x":3092,
         "y":2211
      }
   },
   {
      "top_left":{
         "x":2093,
         "y":562
      },
      "top_right":{
         "x":2566,
         "y":50
      },
      "bottom_right":{
         "x":3395,
         "y":658
      },
      "bottom_left":{
         "x":2911,
         "y":1212
      }
   }
]