[
   {
      "top_left":{
         "x":1928,
         "y":1846
      },
      "top_right":{
         "x":1213,
         "y":1850
      },
      "bottom_right":{
         "x":1234,
         "y":865
      },
      "bottom_left":{
         "x":1934,
         "y":872
      }
   },
   {
      "top_left":{
         "x":2192,
         "y":1534
      },
      "top_right":{
         "x":2428,
         "y":886
      },
      "bottom_right":{
         "x":3340,
         "y":1220
      },
      "bottom_left":{
         "x":3118,
         "y":1878
      }
   }
]