[
   {
      "top_left":{
         "x":1757,
         "y":403
      },
      "top_right":{
         "x":2224,
         "y":902
      },
      "bottom_right":{
         "x":1277,
         "y":1678
      },
      "bottom_left":{
         "x":902,
         "y":1098
      }
   },
   {
      "top_left":{
         "x":2012,
         "y":544
      },
      "top_right":{
         "x":2367,
         "y":8
      },
      "bottom_right":{
         "x":3270,
         "y":517
      },
      "bottom_left":{
         "x":2983,
         "y":1097
      }
   },
   {
      "top_left":{
         "x":2111,
         "y":1045
      },
      "top_right":{
         "x":2896,
         "y":1075
      },
      "bottom_right":{
         "x":3050,
         "y":2257
      },
      "bottom_left":{
         "x":2162,
         "y":2282
      }
   }
]