[
   {
      "top_left":{
         "x":462,
         "y":1475
      },
      "top_right":{
         "x":863,
         "y":1117
      },
      "bottom_right":{
         "x":1355,
         "y":1646
      },
      "bottom_left":{
         "x":952,
         "y":2017
      }
   },
   {
      "top_left":{
         "x":579,
         "y":443
      },
      "top_right":{
         "x":1035,
         "y":202
      },
      "bottom_right":{
         "x":1374,
         "y":806
      },
      "bottom_left":{
         "x":908,
         "y":1055
      }
   },
   {
      "top_left":{
         "x":1528,
         "y":428
      },
      "top_right":{
         "x":2031,
         "y":424
      },
      "bottom_right":{
         "x":2035,
         "y":1119
      },
      "bottom_left":{
         "x":1528,
         "y":1119
      }
   },
   {
      "top_left":{
         "x":2345,
         "y":746
      },
      "top_right":{
         "x":2854,
         "y":818
      },
      "bottom_right":{
         "x":2773,
         "y":1519
      },
      "bottom_left":{
         "x":2255,
         "y":1443
      }
   },
   {
      "top_left":{
         "x":1842,
         "y":1404
      },
      "top_right":{
         "x":2303,
         "y":1658
      },
      "bottom_right":{
         "x":1954,
         "y":2334
      },
      "bottom_left":{
         "x":1481,
         "y":2072
      }
   },
   {
      "top_left":{
         "x":2926,
         "y":443
      },
      "top_right":{
         "x":3428,
         "y":358
      },
      "bottom_right":{
         "x":3580,
         "y":1049
      },
      "bottom_left":{
         "x":3071,
         "y":1134
      }
   }
]