[
   {
      "top_left":{
         "x":244,
         "y":1517
      },
      "top_right":{
         "x":791,
         "y":972
      },
      "bottom_right":{
         "x":1549,
         "y":1601
      },
      "bottom_left":{
         "x":1015,
         "y":2210
      }
   },
   {
      "top_left":{
         "x":2247,
         "y":973
      },
      "top_right":{
         "x":2835,
         "y":1357
      },
      "bottom_right":{
         "x":2292,
         "y":2227
      },
      "bottom_left":{
         "x":1672,
         "y":1778
      }
   },
   {
      "top_left":{
         "x":1569,
         "y":161
      },
      "top_right":{
         "x":2217,
         "y":216
      },
      "bottom_right":{
         "x":2180,
         "y":1078
      },
      "bottom_left":{
         "x":1470,
         "y":1020
      }
   },
   {
      "top_left":{
         "x":2000,
         "y":346
      },
      "top_right":{
         "x":2651,
         "y":331
      },
      "bottom_right":{
         "x":2749,
         "y":1207
      },
      "bottom_left":{
         "x":2049,
         "y":1231
      }
   },
   {
      "top_left":{
         "x":633,
         "y":341
      },
      "top_right":{
         "x":1322,
         "y":377
      },
      "bottom_right":{
         "x":1234,
         "y":1282
      },
      "bottom_left":{
         "x":476,
         "y":1252
      }
   }
]